metric,value
avg_change_24h,1.4343793441237938
min_change_24h,1.171821864023327
max_change_24h,1.6657870014327854
