metric,value
avg_change_24h,0.4154953501195694
min_change_24h,0.20080209203237812
max_change_24h,0.5919992798625775
